<?xml version="1.0" encoding="UTF-8"?>
<Configuration status="WARN" packages="com.mojang">
    <Appenders>
        <Console name="SysOut" target="SYSTEM_OUT">
            <PatternLayout pattern="[%d{HH:mm:ss} %level]: %msg%n" />
        </Console>
        <Queue name="DevelopmentConsole">
            <PatternLayout pattern="[%d{HH:mm:ss} %level]: %msg%n" />
        </Queue>
        <Async name="Async">
            <AppenderRef ref="SysOut"/>
            <AppenderRef ref="DevelopmentConsole"/>
        </Async>
    </Appenders>
    <Loggers>
        <Root level="info">
            <AppenderRef ref="Async"/>
        </Root>
    </Loggers>
</Configuration>