{"stats":{"minecraft:picked_up":{"minecraft:lime_wool":1,"minecraft:structure_block":1,"minecraft:brown_wool":1,"minecraft:sand":11,"minecraft:yellow_carpet":1,"minecraft:cactus":4,"minecraft:ender_eye":3},"minecraft:custom":{"minecraft:time_since_rest":27576,"minecraft:sprint_one_cm":63368,"minecraft:walk_one_cm":88501,"minecraft:damage_dealt":19,"minecraft:fly_one_cm":275958,"minecraft:open_chest":6,"minecraft:crouch_one_cm":131,"minecraft:play_time":63699,"minecraft:deaths":1,"minecraft:sneak_time":1082,"minecraft:walk_under_water_one_cm":21411,"minecraft:jump":434,"minecraft:time_since_death":27548,"minecraft:walk_on_water_one_cm":261,"minecraft:leave_game":5,"minecraft:total_world_time":95145},"minecraft:used":{"minecraft:ender_eye":18,"minecraft:sea_lantern":22,"minecraft:grass_block":25,"minecraft:birch_sapling":4,"minecraft:brown_wool":112,"minecraft:lime_wool":103,"minecraft:oak_planks":155,"minecraft:cactus":3,"minecraft:chest":3,"minecraft:sandstone":3,"minecraft:spruce_trapdoor":56,"minecraft:spruce_sapling":3,"minecraft:structure_block":97,"minecraft:torch":8,"minecraft:diamond_block":3,"minecraft:red_carpet":41,"minecraft:sand":48,"minecraft:white_carpet":39,"minecraft:crafting_table":3,"minecraft:furnace":4,"minecraft:oak_sapling":7,"minecraft:birch_sign":18,"minecraft:glass_pane":2,"minecraft:yellow_carpet":67,"minecraft:end_portal_frame":24,"minecraft:bone_meal":107,"minecraft:dark_oak_door":7,"minecraft:obsidian":13}},"DataVersion":2860}